{
  "lang":"en",
  "name":"pipeline",
  "version":"0.0.0",
  "spacy_version":">=3.7.4,<3.8.0",
  "description":"",
  "author":"",
  "email":"",
  "url":"",
  "license":"",
  "spacy_git_version":"bff8725f4",
  "vectors":{
    "width":0,
    "vectors":0,
    "keys":0,
    "name":null,
    "mode":"default"
  },
  "labels":{
    "tok2vec":[

    ],
    "ner":[
      "B-DES",
      "B-EMAIL",
      "B-NAME",
      "B-ORG",
      "B-PHOE",
      "B-PHONE",
      "B-WEB",
      "DES",
      "EMAIL",
      "I-DE",
      "I-DES",
      "I-EMAIL",
      "I-NAME",
      "I-OR",
      "I-ORG",
      "I-PHONE",
      "I-WEB",
      "NAME",
      "ORG",
      "PHONE"
    ]
  },
  "pipeline":[
    "tok2vec",
    "ner"
  ],
  "components":[
    "tok2vec",
    "ner"
  ],
  "disabled":[

  ],
  "performance":{
    "ents_f":0.6995768688,
    "ents_p":0.7447447447,
    "ents_r":0.6595744681,
    "ents_per_type":{
      "B-NAME":{
        "p":0.8235294118,
        "r":0.6363636364,
        "f":0.7179487179
      },
      "I-NAME":{
        "p":0.92,
        "r":0.696969697,
        "f":0.7931034483
      },
      "B-DES":{
        "p":0.6470588235,
        "r":0.5789473684,
        "f":0.6111111111
      },
      "I-DES":{
        "p":0.7727272727,
        "r":0.5483870968,
        "f":0.641509434
      },
      "B-ORG":{
        "p":0.4375,
        "r":0.5384615385,
        "f":0.4827586207
      },
      "I-ORG":{
        "p":0.768115942,
        "r":0.7162162162,
        "f":0.7412587413
      },
      "B-PHONE":{
        "p":0.7446808511,
        "r":0.7608695652,
        "f":0.752688172
      },
      "I-PHONE":{
        "p":0.7894736842,
        "r":0.703125,
        "f":0.7438016529
      },
      "B-EMAIL":{
        "p":0.9090909091,
        "r":0.8695652174,
        "f":0.8888888889
      },
      "B-WEB":{
        "p":0.8235294118,
        "r":0.8235294118,
        "f":0.8235294118
      },
      "PHONE":{
        "p":0.0,
        "r":0.0,
        "f":0.0
      },
      "I-WEB":{
        "p":0.0,
        "r":0.0,
        "f":0.0
      },
      "NAME":{
        "p":0.0,
        "r":0.0,
        "f":0.0
      },
      "I-EMAIL":{
        "p":0.4,
        "r":0.2,
        "f":0.2666666667
      },
      "WEB":{
        "p":0.0,
        "r":0.0,
        "f":0.0
      }
    },
    "tok2vec_loss":859.9534161759,
    "ner_loss":353.2499958074
  }
}