{
  "lang":"en",
  "name":"pipeline",
  "version":"0.0.0",
  "spacy_version":">=3.7.4,<3.8.0",
  "description":"",
  "author":"",
  "email":"",
  "url":"",
  "license":"",
  "spacy_git_version":"bff8725f4",
  "vectors":{
    "width":0,
    "vectors":0,
    "keys":0,
    "name":null,
    "mode":"default"
  },
  "labels":{
    "tok2vec":[

    ],
    "ner":[
      "B-DES",
      "B-EMAIL",
      "B-NAME",
      "B-ORG",
      "B-PHOE",
      "B-PHONE",
      "B-WEB",
      "DES",
      "EMAIL",
      "I-DE",
      "I-DES",
      "I-EMAIL",
      "I-NAME",
      "I-OR",
      "I-ORG",
      "I-PHONE",
      "I-WEB",
      "NAME",
      "ORG",
      "PHONE"
    ]
  },
  "pipeline":[
    "tok2vec",
    "ner"
  ],
  "components":[
    "tok2vec",
    "ner"
  ],
  "disabled":[

  ],
  "performance":{
    "ents_f":0.6676427526,
    "ents_p":0.7426710098,
    "ents_r":0.6063829787,
    "ents_per_type":{
      "B-NAME":{
        "p":0.8235294118,
        "r":0.6363636364,
        "f":0.7179487179
      },
      "I-NAME":{
        "p":0.92,
        "r":0.696969697,
        "f":0.7931034483
      },
      "B-DES":{
        "p":0.4782608696,
        "r":0.5789473684,
        "f":0.5238095238
      },
      "I-DES":{
        "p":0.72,
        "r":0.5806451613,
        "f":0.6428571429
      },
      "B-ORG":{
        "p":0.5652173913,
        "r":0.5,
        "f":0.5306122449
      },
      "I-ORG":{
        "p":0.8103448276,
        "r":0.6351351351,
        "f":0.7121212121
      },
      "B-PHONE":{
        "p":0.6739130435,
        "r":0.6739130435,
        "f":0.6739130435
      },
      "I-PHONE":{
        "p":0.7916666667,
        "r":0.59375,
        "f":0.6785714286
      },
      "B-EMAIL":{
        "p":0.8695652174,
        "r":0.8695652174,
        "f":0.8695652174
      },
      "B-WEB":{
        "p":0.8666666667,
        "r":0.7647058824,
        "f":0.8125
      },
      "PHONE":{
        "p":0.0,
        "r":0.0,
        "f":0.0
      },
      "I-EMAIL":{
        "p":0.0,
        "r":0.0,
        "f":0.0
      },
      "NAME":{
        "p":0.0,
        "r":0.0,
        "f":0.0
      },
      "I-WEB":{
        "p":0.0,
        "r":0.0,
        "f":0.0
      },
      "WEB":{
        "p":0.0,
        "r":0.0,
        "f":0.0
      }
    },
    "tok2vec_loss":403.3528257482,
    "ner_loss":274.2009225116
  }
}